No.,Course,Course Name,Credits,Instructor,Room,Days,Start Time,End Time,Max Enrollment,Total Enrollment
1,ACC340Lec1,Financial Management,3,"IP, IP",MGT-103,T,12:00:00 PM,2:59:00 PM,36,11
2,ACT112Lec1,Principles Of Accounting 1,3,"IP, IP",MGT-201,T,3:00:00 PM,5:59:00 PM,40,5
3,ACT112Lec2,Principles Of Accounting 1,3,"IP, IP",MGT-201,M,12:00:00 PM,2:59:00 PM,40,6
4,ACT112Lec3,Principles Of Accounting 1,3,"IP, IP",MGT-202,T,9:00:00 AM,11:59:00 AM,40,3
5,ACT112Lec4,Principles Of Accounting 1,3,"IP, IP",HUB-114,W,6:00:00 PM,8:59:00 PM,40,1
6,ACT112Lec5,Principles Of Accounting 1,3,"IP, IP",HUB-101,M,9:00:00 AM,11:59:00 AM,40,3
7,ACT212Lec1,Principles Of Accounting 2,3,"IP, IP",MGT-201,W,12:00:00 PM,2:59:00 PM,40,40
8,ACT212Lec2,Principles Of Accounting 2,3,"IP, IP",MGT-202,R,3:00:00 PM,5:59:00 PM,40,19
9,ACT212Lec3,Principles Of Accounting 2,3,"IP, IP",MGT-201,M,6:00:00 PM,8:59:00 PM,40,4
10,ACT250Lec1,Fundamentals Of Taxation,3,"IP, IP",MGT-107,T,12:00:00 PM,2:59:00 PM,30,15
11,ACT330Lec1,International Financial Reporting Standards,3,"IP, IP",MGT-101,R,9:00:00 AM,11:59:00 AM,40,38
12,ACT450Lec1,Auditing,3,"IP, IP",MGT-207,W,3:00:00 PM,5:59:00 PM,35,11
13,AIMC210Lec1,Audience Perceptions And Insights,3,"IP, IP",MGT-102,M,9:00:00 AM,11:59:00 AM,32,28
14,AIMC315Lec1,Creative Advertising Strategies,3,"IP, IP",MGT-205,W,3:00:00 PM,5:59:00 PM,21,21
15,AIMC418Lec1,Communication And Media Planning Strategies,3,"IP, IP",MGT-205,M,12:00:00 PM,2:59:00 PM,24,12
16,ARC201Std1,Studio 3 â€“ Architectural Design & Materiality,6,"IP, IP",HUB-124,M,9:00:00 AM,10:29:00 AM,22,5
,,,,"IP, IP",HUB-124,M,10:30:00 AM,1:29:00 PM,22,5
,,,,"IP, IP",HUB-124,T,12:00:00 PM,1:30:00 PM,22,5
,,,,"IP, IP",HUB-124,T,1:30:00 PM,4:29:00 PM,22,5
17,ARC243Lec1,Construction And Design Integration 1,3,"IP, IP",HUB-124,M,3:00:00 PM,4:59:00 PM,20,5
,,,,"IP, IP",HUB-124,M,5:00:00 PM,6:59:00 PM,20,5
18,ARC301Std1,Studio 5 - Design And The Environment,6,"IP, IP",HUB-121,W,9:00:00 AM,10:29:00 AM,30,0
,,,,"IP, IP",HUB-121,W,10:30:00 AM,1:29:00 PM,30,0
,,,,"IP, IP",HUB-121,R,3:00:00 PM,4:29:00 PM,30,0
,,,,"IP, IP",HUB-121,R,4:30:00 PM,7:29:00 PM,30,0
19,ARC343Lec1,Structures 1,3,"IP, IP",MGT-105,M,9:00:00 AM,11:59:00 AM,30,9
20,ARC401Std1,Studio 7 - Urban Design,6,"IP, IP",HUB-125,W,9:00:00 AM,10:29:00 AM,20,0
,,,,"IP, IP",HUB-125,W,10:30:00 AM,1:29:00 PM,20,0
,,,,"IP, IP",HUB-125,R,3:00:00 PM,4:29:00 PM,20,0
,,,,"IP, IP",HUB-125,R,4:30:00 PM,7:29:00 PM,20,0
21,ARC434Lec1,Planning & Urban Design,3,"IP, IP",MGT-105,W,3:00:00 PM,5:59:00 PM,24,0
22,ARC435Lec1,Vernacular Architecture And Conservation,3,"IP, IP",MGT-107,M,12:00:00 PM,2:59:00 PM,30,0
23,ARC501Std1,Studio 9 - Integrated Design 2,6,"IP, IP",HUB-123,TR,9:00:00 AM,10:30:00 AM,20,0
,,,,"IP, IP",HUB-123,TR,10:30:00 AM,1:29:00 PM,20,0
24,ARC510Lec1,Research And Design Explorations,3,"IP, IP",MGT-105,R,3:00:00 PM,5:59:00 PM,24,3
25,ARC511Lec1,Construction Economics,3,"IP, IP",MGT-102,W,9:00:00 AM,11:59:00 AM,32,3
26,BAI101Lec1,AI And Modern Life,3,"IP, IP",MGT-208,T,12:00:00 PM,2:59:00 PM,24,7
27,BCS101Lec1,Elements Of Computing,3,"IP, IP",HUB-118 Robotic Lab,M,5:00:00 PM,6:59:00 PM,20,9
,,,,"IP, IP",MGT-204,T,11:00:00 AM,12:59:00 PM,20,9
28,BCS101Lec2,Elements Of Computing,3,"IP, IP",MGT-204,T,11:00:00 AM,12:59:00 PM,20,2
,,,,"IP, IP",HUB-118 Robotic Lab,W,7:00:00 PM,8:59:00 PM,20,2
29,BCS101Lec3,Elements Of Computing,3,"IP, IP",MGT-204,M,3:00:00 PM,4:59:00 PM,20,14
,,,,"IP, IP",HUB-117 Software Lab,T,3:00:00 PM,4:59:00 PM,20,14
30,BCS101Lec4,Elements Of Computing,3,"IP, IP",MGT-204,M,3:00:00 PM,4:59:00 PM,20,3
,,,,"IP, IP",HUB-117 Software Lab,T,5:00:00 PM,6:59:00 PM,20,3
31,BCS101Lec5,Elements Of Computing,3,"IP, IP",HUB-117 Software Lab,M,9:00:00 AM,10:59:00 AM,20,2
,,,,"IP, IP",HUB-114,R,10:00:00 AM,11:59:00 AM,20,2
32,BCS101Lec6,Elements Of Computing,3,"IP, IP",HUB-117 Software Lab,M,11:00:00 AM,12:59:00 PM,20,2
,,,,"IP, IP",HUB-114,R,10:00:00 AM,11:59:00 AM,20,2
33,BCS201Lec1,Logic For Computing Science,3,"IP, IP",MGT-208,T,9:00:00 AM,11:59:00 AM,40,16
34,BCS201Lec2,Logic For Computing Science,3,"IP, IP",MGT-204,W,6:00:00 PM,8:59:00 PM,40,15
35,BCS202Lec1,Introduction To Computing Science II,3,"IP, IP",MGT-204,M,9:00:00 AM,10:59:00 AM,20,1
,,,,"IP, IP",HUB-117 Software Lab,R,10:00:00 AM,11:59:00 AM,20,1
36,BCS202Lec2,Introduction To Computing Science II,3,"IP, IP",MGT-204,M,9:00:00 AM,10:59:00 AM,20,4
,,,,"Yousefi, Adel",HUB-118 Robotic Lab,R,10:00:00 AM,11:59:00 AM,20,4
37,BCS202Lec3,Introduction To Computing Science II,3,"IP, IP",HUB-117 Software Lab,M,3:00:00 PM,4:59:00 PM,20,16
,,,,"IP, IP",MGT-208,R,3:00:00 PM,4:59:00 PM,20,16
38,BCS202Lec4,Introduction To Computing Science II,3,"Yousefi, Adel",HUB-117 Software Lab,M,7:00:00 PM,8:59:00 PM,20,9
,,,,"IP, IP",MGT-208,R,3:00:00 PM,4:59:00 PM,20,9
39,BCS202Lec5,Introduction To Computing Science II,3,"IP, IP",HUB-117 Software Lab,M,5:00:00 PM,6:59:00 PM,20,0
,,,,"IP, IP",MGT-209,W,9:00:00 AM,10:59:00 AM,20,0
40,BCS202Lec6,Introduction To Computing Science II,3,"Yousefi, Adel",HUB-118 Robotic Lab,T,1:00:00 PM,2:59:00 PM,20,4
,,,,"IP, IP",MGT-209,W,9:00:00 AM,10:59:00 AM,20,4
41,BCS301Lec1,Operating Systems,4,"Yousefi, Adel",HUB-118 Robotic Lab,W,1:00:00 PM,2:59:00 PM,20,9
,,,,"IP, IP",MGT-204,R,9:00:00 AM,11:59:00 AM,20,9
42,BCS301Lec2,Operating Systems,4,"Yousefi, Adel",HUB-117 Software Lab,M,1:00:00 PM,2:59:00 PM,20,16
,,,,"IP, IP",MGT-204,R,9:00:00 AM,11:59:00 AM,20,16
43,BCS301Lec3,Operating Systems,4,"IP, IP",HUB-114,W,9:00:00 AM,11:59:00 AM,19,5
,,,,"Seyam, Ahmed",HUB-118 Robotic Lab,R,3:00:00 PM,4:59:00 PM,19,5
44,BCS301Lec4,Operating Systems,4,"IP, IP",HUB-114,W,9:00:00 AM,11:59:00 AM,20,5
,,,,"Yousefi, Adel",HUB-117 Software Lab,R,5:00:00 PM,6:59:00 PM,20,5
45,BCS303Lec1,Security Principles And Practices,4,"Seyam, Ahmed",HUB-118 Robotic Lab,T,7:00:00 PM,8:59:00 PM,20,14
,,,,"IP, IP",MGT-204,W,3:00:00 PM,5:59:00 PM,20,14
46,BCS303Lec2,Security Principles And Practices,4,"Seyam, Ahmed",HUB-118 Robotic Lab,M,3:00:00 PM,4:59:00 PM,20,8
,,,,"IP, IP",MGT-204,W,3:00:00 PM,5:59:00 PM,20,8
47,BCS303Lec3,Security Principles And Practices,4,"IP, IP",HUB-114,T,9:00:00 AM,11:59:00 AM,20,4
,,,,"Seyam, Ahmed",HUB-117 Software Lab,R,7:00:00 PM,8:59:00 PM,20,4
48,BCS303Lec4,Security Principles And Practices,4,"IP, IP",HUB-114,T,9:00:00 AM,11:59:00 AM,20,6
,,,,"Seyam, Ahmed",HUB-117 Software Lab,W,1:00:00 PM,2:59:00 PM,20,6
49,BCS304Lec1,Data Mining,3,"IP, IP",HUB-107,M,6:00:00 PM,8:59:00 PM,50,21
50,BCS305Lec1,Software Architecture,3,"IP, IP",HUB-111,W,6:00:00 PM,8:59:00 PM,40,22
51,BCS306Lec1,Database Management Systems,3,"IP, IP",MGT-203,T,11:00:00 AM,12:59:00 PM,20,19
,,,,"IP, IP",HUB-118 Robotic Lab,T,3:00:00 PM,4:59:00 PM,20,19
52,BCS311Lec1,Scientific Computing,3,"IP, IP",MGT-204,T,7:00:00 PM,8:59:00 PM,20,5
,,,,"IP, IP",HUB-118 Robotic Lab,W,3:00:00 PM,4:59:00 PM,20,5
53,BCS311Lec2,Scientific Computing,3,"Yousefi, Adel",HUB-118 Robotic Lab,M,9:00:00 AM,10:59:00 AM,20,5
,,,,"IP, IP",MGT-204,T,7:00:00 PM,8:59:00 PM,20,5
54,BCS311Lec3,Scientific Computing,3,"IP, IP",HUB-114,M,10:00:00 AM,11:59:00 AM,20,10
,,,,"IP, IP",HUB-118 Robotic Lab,T,5:00:00 PM,6:59:00 PM,20,10
55,BCS311Lec4,Scientific Computing,3,"IP, IP",HUB-114,M,10:00:00 AM,11:59:00 AM,20,12
,,,,"IP, IP",HUB-118 Robotic Lab,T,9:00:00 AM,10:59:00 AM,20,12
56,BCS401Lec1,Ethics For Computing Professionals,3,"IP, IP",HUB-114,W,3:00:00 PM,5:59:00 PM,40,25
57,BCS401Lec2,Ethics For Computing Professionals,3,"IP, IP",MGT-101,M,9:00:00 AM,11:59:00 AM,40,3
58,BCS401Lec3,Ethics For Computing Professionals,3,"IP, IP",HUB-114,T,6:00:00 PM,8:59:00 PM,40,5
59,BCS402Lec1,Computability And Complexity,3,"IP, IP",MGT-103,W,6:00:00 PM,8:59:00 PM,30,8
60,BCS410Prj1,Computer Science Project,6,Staff,,N\A,12:00:00 AM,12:00:00 AM,25,4
61,BIO102Lec1,Biology 1,3,"Nazih, Wissam Ghach",MGT-204,T,5:00:00 PM,6:59:00 PM,12,9
,,,,"Salhab, Rina",HUB-202,R,9:00:00 AM,10:59:00 AM,12,9
62,BIO102Lec2,Biology 1,3,"Nazih, Wissam Ghach",MGT-204,T,5:00:00 PM,6:59:00 PM,12,12
,,,,"Salhab, Rina",HUB-202,W,1:00:00 PM,2:59:00 PM,12,12
63,BIO102Lec3,Biology 1,3,"Nazih, Wissam Ghach",MGT-204,T,5:00:00 PM,6:59:00 PM,12,5
,,,,"Salhab, Rina",HUB-202,W,3:00:00 PM,4:59:00 PM,12,5
64,BSD310Lec1,Game Design,3,"IP, IP",HUB-115 Networking Lab,M,1:00:00 PM,2:59:00 PM,24,1
,,,,"IP, IP",MGT-106,T,5:00:00 PM,6:59:00 PM,24,1
65,BSD311Lec35,Human Computer Interaction,3,"IP, IP",MGT-106,R,6:00:00 PM,8:59:00 PM,32,7
66,BSD403Lec1,Software Requirement,3,"IP, IP",MGT-106,R,9:00:00 AM,11:59:00 AM,30,0
67,BSD410Prj1,Software Design Project,6,Staff,,,TB/A,TB/A,10,0
68,BSM100Lec1,The New Business: From Idea To Reality,3,"IP, IP",MGT-204,T,9:00:00 AM,10:59:00 AM,40,5
,,,,"IP, IP",MGT-209,W,1:00:00 PM,2:59:00 PM,40,5
69,BUS400Int1,Internship,3,"IP, IP",,N\A,12:00:00 AM,12:00:00 AM,10,0
70,CMN211Lec1,Language And Power,3,"IP, IP",MGT-102,M,12:00:00 PM,2:59:00 PM,32,4
71,CMN279Lec1,Introduction To Professional Communication,3,"IP, IP",MGT-107,M,6:00:00 PM,8:59:00 PM,35,11
72,CMN448Lec1,Introduction To Visual Communication,3,"IP, IP",MGT-203,R,3:00:00 PM,5:59:00 PM,40,8
73,CMN470Lec1,Risk And Crisis Communication,3,"IP, IP",HUB-113,T,3:00:00 PM,5:59:00 PM,30,7
74,CRI100Lec1,Creative Industries Overview,3,"IP, IP",MGT-203,R,9:00:00 AM,11:59:00 AM,40,4
75,CRI300Lec1,Digital Design Studio,3,"IP, IP",MGT-204,T,1:00:00 PM,2:59:00 PM,22,6
,,,,"IP, IP",HUB-120,W,9:00:00 AM,10:59:00 AM,22,6
76,CRI300Lec2,Digital Design Studio,3,"IP, IP",MGT-204,T,1:00:00 PM,2:59:00 PM,22,11
,,,,"IP, IP",HUB-120,W,1:00:00 PM,2:59:00 PM,22,11
77,CRI301Lec1,The Creative Process,3,"IP, IP",MGT-101,T,9:00:00 AM,11:59:00 AM,40,8
78,CRI402Lec1,Human Resources In Creative Industries,3,"IP, IP",MGT-208,T,6:00:00 PM,8:59:00 PM,38,32
79,CRI403Lec1,Creative Industries Research Methodology,3,"IP, IP",MGT-107,M,3:00:00 PM,5:59:00 PM,32,21
80,CRI430Lec1,Canadian Media/Entertainment Industries,3,"IP, IP",MGT-102,R,3:00:00 PM,5:59:00 PM,35,14
81,CRI461Prj1,Big Night Project - ID,3,"IP, IP",,N\A,12:00:00 AM,12:00:00 AM,25,2
82,CRI463Prj1,Big Night Project - CS,3,"IP, IP",,N\A,12:00:00 AM,12:00:00 AM,24,4
83,CYS411Lec1,Engineering Secure Software,3,"IP, IP",HUB-113,W,6:00:00 PM,8:59:00 PM,21,6
84,DES101Std1,Studio 1 - Introduction To Design,4,"IP, IP",HUB-121,M,9:00:00 AM,9:59:00 AM,20,20
,,,,"IP, IP",HUB-121,M,10:00:00 AM,11:59:00 AM,20,20
,,,,"IP, IP",HUB-121,T,3:00:00 PM,3:59:00 PM,20,20
,,,,"IP, IP",HUB-121,T,4:00:00 PM,5:59:00 PM,20,20
85,DES101Std2,Studio 1 - Introduction To Design,4,"IP, IP",HUB-123,M,9:00:00 AM,9:59:00 AM,20,12
,,,,"IP, IP",HUB-123,M,10:00:00 AM,11:59:00 AM,20,12
,,,,"IP, IP",HUB-123,T,3:00:00 PM,3:59:00 PM,20,12
,,,,"IP, IP",HUB-123,T,4:00:00 PM,5:59:00 PM,20,12
86,DES110Lec1,Design Theory,3,"IP, IP",MGT-204,W,9:00:00 AM,11:59:00 AM,40,34
87,DES113Lec1,Drafting & Modeling,3,"IP, IP",HUB-121,M,3:00:00 PM,4:59:00 PM,20,20
,,,,"IP, IP",HUB-121,M,5:00:00 PM,6:59:00 PM,20,20
88,DES113Lec2,Drafting & Modeling,3,"IP, IP",HUB-123,M,3:00:00 PM,4:59:00 PM,20,12
,,,,"IP, IP",HUB-123,M,5:00:00 PM,6:59:00 PM,20,12
89,DES123Lec1,Freehand Drawing & Rendering,3,"IP, IP",HUB-124,R,9:00:00 AM,10:59:00 AM,24,1
,,,,"IP, IP",HUB-124,R,11:00:00 AM,12:59:00 PM,24,1
90,DES213Lec1,History Of Architecture And Interior Design 1,3,"IP, IP",MGT-103,T,9:00:00 AM,11:59:00 AM,35,6
91,DES214Lec1,Computer-Aided Design,3,"IP, IP",General Computer Lab,W,9:00:00 AM,10:59:00 AM,20,3
,,,,"IP, IP",HUB-119,W,11:00:00 AM,12:59:00 PM,20,3
92,DES214Lec2,Computer-Aided Design,3,"IP, IP",General Computer Lab,W,9:00:00 AM,10:59:00 AM,20,0
,,,,"IP, IP",HUB-120,W,11:00:00 AM,12:59:00 PM,20,0
93,DES341Lec1,Environmental Systems & Design Integration,3,"IP, IP",HUB-121,W,3:00:00 PM,4:59:00 PM,20,8
,,,,"IP, IP",HUB-119,W,5:00:00 PM,6:59:00 PM,20,8
,,,,"IP, IP",HUB-121,W,5:00:00 PM,6:59:00 PM,20,8
94,DES341Lec2,Environmental Systems & Design Integration,3,"IP, IP",HUB-123,W,3:00:00 PM,4:59:00 PM,20,0
,,,,"IP, IP",HUB-120,W,5:00:00 PM,6:59:00 PM,20,0
,,,,"IP, IP",HUB-123,W,5:00:00 PM,6:59:00 PM,20,0
95,DES381Lec1,Artificial Intelligence For Design Applications,3,"IP, IP",HUB-119,T,1:00:00 PM,3:59:00 PM,30,0
96,DES400IntARC,Internship,3,"IP, IP",,N\A,12:00:00 AM,12:00:00 AM,10,0
97,DES400IntIND,Internship,3,"IP, IP",,N\A,12:00:00 AM,12:00:00 AM,10,0
98,DMJ220Lec1,Research And Data Analytics For DMJ,3,"IP, IP",MGT-206,M,3:00:00 PM,4:59:00 PM,24,3
,,,,"IP, IP",HUB-119,W,1:00:00 PM,2:59:00 PM,24,3
99,DMJ305Lec1,Graphics For Digital Media & Journalism,3,"IP, IP",HUB-120,T,9:00:00 AM,12:59:00 PM,24,12
,,,,"IP, IP",MGT-104,R,11:00:00 AM,11:59:00 AM,24,12
100,DMP305Lec1,Critical Coding For Communication,3,"IP, IP",HUB-120,M,5:00:00 PM,8:59:00 PM,24,2
,,,,"IP, IP",MGT-107,W,5:00:00 PM,5:59:00 PM,24,2
101,EAP101Lec101,EAP And IELTS Success 1,0,"IP, IP",MGT-207,MF,8:00:00 AM,9:59:00 AM,35,1
,,,,"IP, IP",MGT-207,MF,10:00:00 AM,11:59:00 AM,35,1
,,,,"IP, IP",MGT-207,TWR,8:00:00 AM,9:59:00 AM,35,1
,,,,"IP, IP",MGT-207,TWR,10:00:00 AM,11:59:00 AM,35,1
102,EAP301Lec101,EAP And IELTS Success 3,0,"IP, IP",MGT-206,MTR,8:00:00 AM,9:59:00 AM,30,1
,,,,"IP, IP",MGT-206,MTR,10:00:00 AM,11:59:00 AM,30,1
103,EBU200Lec1,E - Business Fundamentals,3,"IP, IP",MGT-203,W,3:00:00 PM,5:59:00 PM,45,22
104,EBU210Lec1,Introduction To Database Systems,3,"IP, IP",MGT-103,W,1:00:00 AM,2:59:00 PM,24,1
,,,,"IP, IP",General Computer Lab,R,7:00:00 PM,8:59:00 PM,24,1
105,EBU301Lec1,Systems Analysis And Design,3,"IP, IP",MGT-207,T,3:00:00 PM,5:59:00 PM,30,3
106,EBU406Lec1,E - Business Project Management,3,"IP, IP",MGT-205,R,3:00:00 PM,5:59:00 PM,24,8
107,EBU490lec1,Special Topics In E-Business,3,"IP, IP",MGT-205,T,6:00:00 PM,8:59:00 PM,21,4
108,ECO221Lec1,Principles Of Microeconomics,3,"IP, IP",HUB-112,T,3:00:00 PM,5:59:00 PM,45,6
109,ECO221Lec2,Principles Of Microeconomics,3,"IP, IP",MGT-202,M,12:00:00 PM,2:59:00 PM,45,20
110,ECO222Lec1,Principles Of Macroeconomics,3,"IP, IP",MGT-201,W,3:00:00 PM,5:59:00 PM,45,40
111,ECO222Lec2,Principles Of Macroeconomics,3,"IP, IP",MGT-201,T,6:00:00 PM,8:59:00 PM,45,17
112,ENG102Lec1,Digital Logic,3,"IP, IP",HUB-118 Robotic Lab,M,1:00:00 PM,2:59:00 PM,24,7
,,,,"IP, IP",MGT-106,T,1:00:00 PM,2:59:00 PM,24,7
113,ENG315Lec1,Control Systems,3,"IP, IP",MGT-106,W,1:00:00 PM,3:59:00 PM,24,4
114,ENG316Lec1,Internet Of Things And Data Science,3,"IP, IP",HUB-114,M,3:00:00 PM,4:59:00 PM,24,0
,,,,"IP, IP",HUB-117 Software Lab,T,1:00:00 PM,2:59:00 PM,24,0
115,ENG316Lec2,Internet Of Things And Data Science,3,"IP, IP",HUB-114,M,3:00:00 PM,4:59:00 PM,24,1
,,,,"Yousefi, Adel",HUB-118 Robotic Lab,T,11:00:00 AM,12:59:00 PM,24,1
116,ENG317Lec1,Digital Signal Processing,3,"IP, IP",MGT-107,T,6:00:00 PM,8:59:00 PM,24,4
117,ENG400PrjEEEE,Graduation Project-1,2,"IP, IP",,N\A,12:00:00 AM,12:00:00 AM,24,3
118,ENG410Lec1,Professional And Ethical Practice,3,"IP, IP",MGT-103,R,6:00:00 PM,8:59:00 PM,32,8
119,ENT141Lec01,Fundamentals Of Innovation And Entrepreneurship 1,2,"IP, IP",MGT-104,M,5:00:00 PM,6:59:00 PM,50,11
120,ENT141Lec02,Fundamentals Of Innovation And Entrepreneurship 1,2,"IP, IP",MGT-104,W,3:00:00 PM,4:59:00 PM,50,49
121,ENT141Lec03,Fundamentals Of Innovation And Entrepreneurship 1,2,"IP, IP",MGT-104,T,7:00:00 PM,8:59:00 PM,50,9
122,ENT141Lec04,Fundamentals Of Innovation And Entrepreneurship 1,2,"IP, IP",MGT-104,M,11:00:00 AM,12:59:00 PM,50,37
123,ENT141Lec05,Fundamentals Of Innovation And Entrepreneurship 1,2,"IP, IP",MGT-104,R,3:00:00 PM,4:59:00 PM,49,49
124,ENT141Lec06,Fundamentals Of Innovation And Entrepreneurship 1,2,"IP, IP",MGT-104,M,1:00:00 PM,2:59:00 PM,50,51
125,ENT141Lec07,Fundamentals Of Innovation And Entrepreneurship 1,2,"IP, IP",MGT-104,R,9:00:00 AM,10:59:00 AM,50,32
126,ENT142Prj1,Fundamentals Of Innovation And Entrepreneurship 2,1,"IP, IP",Incubator Lab,M,7:00:00 PM,8:59:00 PM,30,8
127,ENT142Prj2,Fundamentals Of Innovation And Entrepreneurship 2,1,"IP, IP",Incubator Lab,W,1:00:00 PM,2:59:00 PM,30,23
128,ENT142Prj3,Fundamentals Of Innovation And Entrepreneurship 2,1,"IP, IP",Incubator Lab,T,3:00:00 PM,4:59:00 PM,30,14
129,ENT142Prj4,Fundamentals Of Innovation And Entrepreneurship 2,1,"IP, IP",Incubator Lab,R,7:00:00 PM,8:59:00 PM,30,4
130,ENT142Prj5,Fundamentals Of Innovation And Entrepreneurship 2,1,"IP, IP",Incubator Lab,W,11:00:00 AM,12:59:00 PM,30,13
131,ENT241Lec1,Entrepreneurship I,2,"IP, IP",MGT-104,W,1:00:00 PM,2:59:00 PM,40,39
132,ENT241Lec2,Entrepreneurship I,2,"IP, IP",MGT-104,T,5:00:00 PM,6:59:00 PM,40,33
133,ENT241Lec3,Entrepreneurship I,2,"IP, IP",MGT-104,M,3:00:00 PM,4:59:00 PM,40,39
134,ENT241Lec4,Entrepreneurship I,2,"IP, IP",MGT-104,R,5:00:00 PM,6:59:00 PM,40,19
135,ENT241Lec5,Entrepreneurship I,2,"IP, IP",MGT-104,W,9:00:00 AM,10:59:00 AM,40,35
136,ENT242Prj1,Entrepreneurship 2,1,"IP, IP",Incubator Lab,R,5:00:00 PM,6:59:00 PM,30,16
137,ENT242Prj2,Entrepreneurship 2,1,"IP, IP",Incubator Lab,T,7:00:00 PM,8:59:00 PM,30,20
138,ENT242Prj3,Entrepreneurship 2,1,"IP, IP",Incubator Lab,W,9:00:00 AM,10:59:00 AM,30,30
139,ENT242Prj4,Entrepreneurship 2,1,"IP, IP",Incubator Lab,M,5:00:00 PM,6:59:00 PM,30,12
140,ENT242Prj5,Entrepreneurship 2,1,"IP, IP",Incubator Lab,R,10:00:00 AM,11:59:00 AM,30,10
141,ENV201Lec1,Principles Of Environmental Sciences,3,"IP, IP",MGT-202,W,12:00:00 PM,2:59:00 PM,45,12
142,ENV201Lec2,Principles Of Environmental Sciences,3,"IP, IP",HUB-112,R,9:00:00 AM,11:59:00 AM,42,10
143,ENV310Lec1,Biostatistics,3,"Price, Malcolm",MGT-203,T,1:00:00 PM,2:59:00 PM,32,10
,,,,"Price, Malcolm",General Computer Lab,W,1:00:00 PM,2:59:00 PM,32,10
144,ENV311Lec1,Entomology And Pest Control Management,3,"IP, IP",MGT-103,T,3:00:00 PM,5:59:00 PM,30,3
145,ENV330Lec1,Hydrology And Water Waste Management,3,"IP, IP",MGT-205,M,6:00:00 PM,8:59:00 PM,21,2
146,ENV405Lec1,Toxicology,3,"Al Madhi, Sawsan",MGT-103,R,9:00:00 AM,11:59:00 AM,30,5
147,ENV416Lec1,Epidemiology,3,"Price, Malcolm",MGT-206,T,3:00:00 PM,5:59:00 PM,30,12
148,FIN202Lec1,Principles Of Finance,3,"IP, IP",MGT-201,W,9:00:00 AM,11:59:00 AM,45,10
149,FIN202Lec2,Principles Of Finance,3,"IP, IP",MGT-202,M,3:00:00 PM,5:59:00 PM,45,7
150,FIN310Lec1,Corporate Finance,3,"IP, IP",MGT-204,R,3:00:00 PM,5:59:00 PM,40,35
151,FIN320Lec1,Financial Statement Analysis,3,"IP, IP",MGT-101,M,3:00:00 PM,5:59:00 PM,42,21
152,FIN322Lec1,Financial Markets And Institutions,3,"IP, IP",MGT-107,R,6:00:00 PM,8:59:00 PM,35,27
153,GED101LecE-101,Applications Of Computer Software,3,"IP, IP",MGT-104,T,11:00:00 AM,12:59:00 PM,24,24
,,,,"IP, IP",General Computer Lab,R,10:00:00 AM,11:59:00 AM,24,24
154,GED101LecE-102,Applications Of Computer Software,3,"IP, IP",MGT-104,T,11:00:00 AM,12:59:00 PM,24,24
,,,,"IP, IP",e-Business Computer Lab,W,1:00:00 PM,2:59:00 PM,24,24
155,GED101LecE-201,Applications Of Computer Software,3,"IP, IP",MGT-104,M,9:00:00 AM,10:59:00 AM,24,16
,,,,"IP, IP",e-Business Computer Lab,T,1:00:00 PM,2:59:00 PM,24,16
156,GED101LecE-202,Applications Of Computer Software,3,"IP, IP",MGT-104,M,9:00:00 AM,10:59:00 AM,24,24
,,,,"IP, IP",e-Business Computer Lab,W,9:00:00 AM,10:59:00 AM,24,24
157,GED101LecE-301,Applications Of Computer Software,3,"IP, IP",General Computer Lab,M,3:00:00 PM,4:59:00 PM,24,23
,,,,"IP, IP",MGT-209,T,3:00:00 PM,4:59:00 PM,24,23
158,GED101LecE-302,Applications Of Computer Software,3,"IP, IP",MGT-209,T,3:00:00 PM,4:59:00 PM,24,23
,,,,"IP, IP",General Computer Lab,R,3:00:00 PM,4:59:00 PM,24,23
159,GED101LecE-401,Applications Of Computer Software,3,"IP, IP",General Computer Lab,M,1:00:00 PM,2:59:00 PM,24,3
,,,,"IP, IP",MGT-104,W,5:00:00 PM,6:59:00 PM,24,3
160,GED101LecE-402,Applications Of Computer Software,3,"IP, IP",e-Business Computer Lab,T,7:00:00 PM,8:59:00 PM,24,4
,,,,"IP, IP",MGT-104,W,5:00:00 PM,6:59:00 PM,24,4
161,GED101LecE-501,Applications Of Computer Software,3,"IP, IP",e-Business Computer Lab,W,3:00:00 PM,4:59:00 PM,24,2
,,,,"IP, IP",MGT-104,R,7:00:00 PM,8:59:00 PM,24,2
162,GED101LecE-502,Applications Of Computer Software,3,"IP, IP",e-Business Computer Lab,M,7:00:00 PM,8:59:00 PM,24,3
,,,,"IP, IP",MGT-104,R,7:00:00 PM,8:59:00 PM,24,3
163,GED110LecE-101,Modern Art Appreciation,3,"IP, IP",MGT-204,M,11:00:00 AM,12:59:00 PM,18,2
,,,,"IP, IP",HUB-125,T,7:00:00 PM,8:59:00 PM,18,2
164,GED110LecE-102,Modern Art Appreciation,3,"IP, IP",MGT-204,M,11:00:00 AM,12:59:00 PM,18,4
,,,,"IP, IP",HUB-125,T,5:00:00 PM,6:59:00 PM,18,4
165,GED110LecE-201,Modern Art Appreciation,3,"IP, IP",MGT-101,T,1:00:00 PM,2:59:00 PM,18,3
,,,,"IP, IP",HUB-125,W,7:00:00 PM,8:59:00 PM,18,3
166,GED110LecE-202,Modern Art Appreciation,3,"IP, IP",MGT-101,T,1:00:00 PM,2:59:00 PM,18,9
,,,,"IP, IP",HUB-125,W,5:00:00 PM,6:59:00 PM,18,9
167,GED111LecE1,Music Appreciation And Communication,3,"IP, IP",HUB-112,M,3:00:00 PM,5:59:00 PM,45,5
168,GED111LecE2,Music Appreciation And Communication,3,"IP, IP",HUB-112,T,6:00:00 PM,8:59:00 PM,45,3
169,GED111LecE3,Music Appreciation And Communication,3,"IP, IP",HUB-101,W,12:00:00 PM,2:59:00 PM,45,4
170,GED125LecE1,Ecosystems And Human Health,3,"IP, IP",HUB-107,W,9:00:00 AM,11:59:00 AM,50,9
171,GED132LecE1,Science And Technology In Society,3,"IP, IP",HUB-101,T,12:00:00 PM,2:59:00 PM,50,36
172,GED132LecE2,Science And Technology In Society,3,"IP, IP",HUB-107,M,3:00:00 PM,5:59:00 PM,50,23
173,GED190LecA1,Emirati Studies,3,"IP, IP",HUB-107,W,3:00:00 PM,5:59:00 PM,50,6
174,GED190LecE1,Emirati Studies,3,"IP, IP",HUB-107,M,12:00:00 PM,2:59:00 PM,50,32
175,GED190LecE2,Emirati Studies,3,"IP, IP",HUB-107,T,6:00:00 PM,8:59:00 PM,50,4
176,GED190LecE3,Emirati Studies,3,"IP, IP",HUB-101,R,3:00:00 PM,5:59:00 PM,50,20
177,GED190LecE4,Emirati Studies,3,"IP, IP",HUB-107,W,6:00:00 PM,8:59:00 PM,50,5
178,GED191LecA1,Islamic Studies,3,"IP, IP",HUB-107,R,6:00:00 PM,8:59:00 PM,50,14
179,GED191LecE2,Islamic Studies,3,"IP, IP",HUB-107,W,12:00:00 PM,2:59:00 PM,50,33
180,GED191LecE3,Islamic Studies,3,"IP, IP",HUB-107,T,3:00:00 PM,5:59:00 PM,50,15
181,GED191LecE4,Islamic Studies,3,"IP, IP",HUB-101,W,3:00:00 PM,5:59:00 PM,50,24
182,GED196LecA1,Communication Skills In Arabic 1,3,"IP, IP",HUB-112,W,12:00:00 PM,2:59:00 PM,32,16
183,GED196LecA2,Communication Skills In Arabic 1,3,"IP, IP",HUB-111,T,6:00:00 PM,8:59:00 PM,40,4
184,GED196LecE1,Communication Skills In Arabic 1,3,"IP, IP",HUB-111,M,12:00:00 PM,2:59:00 PM,40,17
185,GED205LecE1,Psychology In Everyday Life,3,"IP, IP",HUB-107,T,12:00:00 PM,2:59:00 PM,50,15
186,GED252LecE1,Critical Thinking,3,"IP, IP",HUB-101,R,6:00:00 PM,8:59:00 PM,50,9
187,GED324Lec01,Ethical Reasoning For Today's World,3,"IP, IP",HUB-101,W,6:00:00 PM,8:59:00 PM,55,14
188,HA301Lec1,Health Information Systems,3,"IP, IP",MGT-107,T,9:00:00 AM,11:59:00 AM,30,5
189,HA330Lec1,Medical Coding,3,"IP, IP",MGT-205,W,6:00:00 PM,8:59:00 PM,32,5
190,HOM101Lec1,Fundamentals Of Healthcare Management,3,"Al Madhi, Sawsan",MGT-106,W,6:00:00 PM,8:59:00 PM,30,10
191,HRM210Lec1,Human Resource Management,3,"IP, IP",MGT-207,T,12:00:00 PM,2:59:00 PM,32,30
192,HRM210Lec2,Human Resource Management,3,"IP, IP",MGT-206,R,6:00:00 PM,8:59:00 PM,32,10
193,HRM210Lec3,Human Resource Management,3,"IP, IP",MGT-105,T,3:00:00 PM,5:59:00 PM,32,18
194,HRM210Lec4,Human Resource Management,3,"IP, IP",MGT-203,M,9:00:00 AM,11:59:00 AM,38,32
195,HRM303Lec1,Staffing,3,"IP, IP",MGT-107,T,3:00:00 PM,5:59:00 PM,30,7
196,HRM321Lec1,UAE Labor Law And Relations,3,"IP, IP",HUB-113,T,6:00:00 PM,8:59:00 PM,24,4
197,HRM440Lec1,International Human Resource Management,3,"IP, IP",MGT-101,W,3:00:00 PM,5:59:00 PM,32,16
198,HRM440Lec2,International Human Resource Management,3,"IP, IP",MGT-208,M,6:00:00 PM,8:59:00 PM,33,3
199,HRM470Lec1,Strategic Human Resource Management,3,"IP, IP",MGT-101,R,6:00:00 PM,8:59:00 PM,30,2
200,IDF100Lec1,Elements And Principles Of Design,3,"IP, IP",MGT-206,W,3:00:00 PM,5:59:00 PM,30,10
201,IDF250Lec1,Contemporary Art And Design,3,"IP, IP",HUB-113,M,12:00:00 PM,2:59:00 PM,21,14
202,INB300Lec1,International Economics,3,"IP, IP",MGT-209,M,3:00:00 PM,5:59:00 PM,40,27
203,INB330Lec1,International Finance,3,"IP, IP",MGT-101,T,3:00:00 PM,5:59:00 PM,32,32
204,INB360Lec1,International Business,3,"IP, IP",MGT-209,M,12:00:00 PM,2:59:00 PM,45,23
205,INB360Lec2,International Business,3,"IP, IP",MGT-201,T,12:00:00 PM,2:59:00 PM,45,13
206,INB450Lec1,International Accounting,3,"IP, IP",MGT-206,T,6:00:00 PM,8:59:00 PM,32,16
207,INB450Lec2,International Accounting,3,"IP, IP",MGT-105,W,12:00:00 PM,2:59:00 PM,32,29
208,INB490Lec1,Global Strategy,3,"IP, IP",MGT-207,R,3:00:00 PM,5:59:00 PM,35,11
209,IND201Std1,Studio 3 - Interior Design And Materiality,6,"IP, IP",HUB-125,M,9:00:00 AM,10:29:00 AM,20,3
,,,,"IP, IP",HUB-125,M,10:30:00 AM,1:29:00 PM,20,3
,,,,"IP, IP",HUB-125,T,12:00:00 PM,1:29:00 PM,20,3
,,,,"IP, IP",HUB-125,T,1:30:00 PM,4:29:00 PM,20,3
210,IND211Lec1,Materiality And Interior Construction,3,"IP, IP",HUB-125,M,3:00:00 PM,4:59:00 PM,20,2
,,,,"IP, IP",HUB-125,M,5:00:00 PM,6:59:00 PM,20,2
211,IND301Std1,Studio 5 - Institutional/ Corporate Design,6,"IP, IP",HUB-123,W,9:00:00 AM,10:29:00 AM,20,0
,,,,"IP, IP",HUB-123,W,10:30:00 AM,1:29:00 PM,20,0
,,,,"IP, IP",HUB-123,R,3:00:00 PM,4:29:00 PM,20,0
,,,,"IP, IP",HUB-123,R,4:30:00 PM,7:29:00 PM,20,0
212,IND341Lec1,Furniture Design And Detailing,3,"IP, IP",HUB-121,T,9:00:00 AM,10:59:00 AM,20,0
,,,,"IP, IP",HUB-121,T,11:00:00 AM,12:59:00 PM,20,0
213,IND343Lec1,Interior Finishes & Materials,3,"IP, IP",MGT-205,M,3:00:00 PM,5:59:00 PM,21,2
214,IND401Prj1,Studio 7 - Senior Project Dissertation,6,"IP, IP",HUB-124,W,9:00:00 AM,10:29:00 AM,20,0
,,,,"IP, IP",HUB-124,W,10:30:00 AM,1:29:00 PM,20,0
,,,,"IP, IP",HUB-124,R,3:00:00 PM,4:29:00 PM,20,0
,,,,"IP, IP",HUB-124,R,4:30:00 PM,7:29:00 PM,20,0
215,LNG171-1Lec1,English 1,3,"IP, IP",MGT-102,TW,1:30:00 PM,2:59:00 PM,30,31
216,LNG171-1Lec2,English 1,3,"IP, IP",MGT-210,TW,1:30:00 PM,2:59:00 PM,30,1
217,LNG171-2Lec01,English 1,3,"IP, IP",MGT-211,MW,4:30:00 PM,5:59:00 PM,30,10
218,LNG171-2Lec02,English 1,3,"IP, IP",MGT-211,TR,9:00:00 AM,10:29:00 AM,30,30
219,LNG171-2Lec03,English 1,3,"IP, IP",MGT-211,T,1:30:00 PM,2:59:00 PM,30,30
,,,,"IP, IP",MGT-102,W,12:00:00 PM,1:29:00 PM,30,30
220,LNG171-2Lec04,English 1,3,"IP, IP",MGT-211,MW,7:30:00 PM,8:59:00 PM,30,1
221,LNG171-2Lec05,English 1,3,"IP, IP",MGT-210,MW,10:30:00 AM,11:59:00 AM,30,13
222,LNG171-2Lec06,English 1,3,"IP, IP",MGT-211,TW,12:00:00 PM,1:29:00 PM,30,10
223,LNG171-2Lec07,English 1,3,"IP, IP",MGT-211,TR,6:00:00 PM,7:29:00 PM,30,1
224,LNG171-2Lec08,English 1,3,"IP, IP",MGT-210,MW,9:00:00 AM,10:29:00 AM,30,11
225,LNG171-2Lec09,English 1,3,"IP, IP",MGT-210,M,1:30:00 PM,2:59:00 PM,30,6
,,,,"IP, IP",MGT-103,R,4:30:00 PM,5:59:00 PM,30,6
226,LNG171-3Lec1,English 1,3,"IP, IP",MGT-211,M,12:00:00 PM,1:29:00 PM,30,1
,,,,"IP, IP",MGT-210,T,12:00:00 PM,1:29:00 PM,30,1
227,LNG171-3Lec2,English 1,3,"IP, IP",MGT-211,MW,9:00:00 AM,10:29:00 AM,30,17
228,LNG171-3Lec3,English 1,3,"IP, IP",MGT-211,TR,3:00:00 PM,4:29:00 PM,30,10
229,LNG171-3Lec4,English 1,3,"IP, IP",MGT-211,MW,6:00:00 PM,7:29:00 PM,30,0
230,LNG171-3Lec5,English 1,3,"IP, IP",MGT-211,TR,4:30:00 PM,5:59:00 PM,30,1
231,LNG171-4Lec1,English 1,3,"IP, IP",MGT-210,TR,10:30:00 AM,11:59:00 AM,30,10
232,LNG171-5Lec1,English 1,3,"IP, IP",MGT-210,TR,9:00:00 AM,10:29:00 AM,30,15
233,LNG171-5Lec2,English 1,3,"IP, IP",MGT-102,M,3:00:00 PM,4:29:00 PM,30,7
,,,,"IP, IP",MGT-103,W,3:00:00 PM,4:29:00 PM,30,7
234,LNG172-2Lec1,English 2,3,"IP, IP",MGT-206,M,12:00:00 PM,1:29:00 PM,30,6
,,,,"IP, IP",MGT-102,T,4:30:00 PM,5:59:00 PM,30,6
235,LNG172-2Lec2,English 2,3,"IP, IP",MGT-102,MW,4:30:00 PM,5:59:00 PM,30,10
236,LNG181LecENG-1,English I For Engineering & Computing,3,"IP, IP",MGT-211,MW,3:00:00 PM,4:29:00 PM,30,11
237,LNG181LecENG-2,English I For Engineering & Computing,3,"IP, IP",MGT-211,MW,1:30:00 PM,2:59:00 PM,30,10
238,LNG181LecENG-3,English I For Engineering & Computing,3,"IP, IP",MGT-211,MW,10:30:00 AM,11:59:00 AM,30,12
239,LNG181LecENG-4,English I For Engineering & Computing,3,"IP, IP",MGT-211,TR,7:30:00 PM,8:59:00 PM,30,4
240,LNG181LecENG-5,English I For Engineering & Computing,3,"IP, IP",MGT-211,TR,10:30:00 AM,11:59:00 AM,30,2
241,MAI600Lec1,Mathematics And Statistics For AI,3,"IP, IP",MGT-105,F,3:00:00 PM,5:59:00 PM,30,0
242,MAI601Lec1,Data Mining,3,"IP, IP",MGT-105,S,9:00:00 AM,11:59:00 AM,30,0
243,MAI602Lec1,Machine Learning,3,"IP, IP",MGT-105,F,6:00:00 PM,8:59:00 PM,30,0
244,MBA511LecWE-01,Foundations Of Quantitative Analysis,3,"IP, IP",MGT-205,SU,10:00:00 AM,1:14:00 PM,30,1
245,MBA512LecWD-01,Accounting And Finance Foundations,3,"IP, IP",MGT-210,MT,6:00:00 PM,9:14:00 PM,24,0
246,MBA640LecM2WD-02,Accounting For Decision Making,3,"IP, IP",MGT-102,MT,6:00:00 PM,9:14:00 PM,30,1
247,MBA641LecM2WD-02,Managerial Accounting,3,"IP, IP",MGT-102,MT,6:00:00 PM,9:14:00 PM,30,0
248,MBA642LecWD-01,Managerial Finance,3,"IP, IP",MGT-203,MT,6:00:00 PM,9:14:00 PM,30,3
249,MBA643LecWE-01,Business Research Methods,3,"IP, IP",MGT-107,SU,2:00:00 PM,5:14:00 PM,30,1
250,MBA645LecM2WE-02,Marketing Management,3,"IP, IP",MGT-107,SU,10:00:00 AM,1:14:00 PM,30,0
251,MBA648LecM2WD-02,Business Strategy,3,"IP, IP",MGT-207,WR,6:00:00 PM,9:14:00 PM,30,0
252,MBA649LecWD-01,Business Ethics And Sustainability,3,"IP, IP",MGT-210,WR,6:00:00 PM,9:14:00 PM,30,2
253,MBA651LecWD-01,Organizational Behaviour,3,"IP, IP",MGT-102,MT,6:00:00 PM,9:14:00 PM,30,0
254,MBA653LecWD-01,Organizational Development And Change,3,"IP, IP",MGT-105,WR,6:00:00 PM,9:14:00 PM,30,0
255,MBA655LecM2WE-02,Leadership And Motivation,3,"IP, IP",MGT-210,SU,2:00:00 PM,5:14:00 PM,30,0
256,MBA657LecWE-01,Business Ethics And Corporate Social Responsibility,3,"IP, IP",MGT-210,WR,6:00:00 PM,9:14:00 PM,30,2
257,MBA661LecWD-01,Human Resource Management,3,"IP, IP",MGT-207,MT,6:00:00 PM,9:14:00 PM,30,0
258,MBA676LecWD-01,Organizational Development And Sustainable Change,3,"IP, IP",MGT-105,WR,6:00:00 PM,9:14:00 PM,30,0
259,MBA677LecM2WE-02,Strategic Leadership,3,"IP, IP",MGT-210,SU,2:00:00 PM,5:14:00 PM,30,0
260,MBA679LecWD-01,Talent Management And Motivation,3,"IP, IP",MGT-207,MT,6:00:00 PM,9:14:00 PM,30,0
261,MBA681LecM2WD-02,Corporate Finance,3,"IP, IP",MGT-102,WR,6:00:00 PM,9:14:00 PM,30,1
262,MBA685LecWE-01,Financial Statement Analysis,3,"IP, IP",MGT-210,SU,2:00:00 PM,5:14:00 PM,30,1
263,MBA688LecWE-01,Financial Statement Analysis And Sustainability,3,"IP, IP",MGT-210,SU,2:00:00 PM,5:14:00 PM,30,1
264,MBA692LecWE-01,International Marketing,3,"IP, IP",MGT-107,SU,10:00:00 AM,1:14:00 PM,30,0
265,MBA693LecM2WD-02,Business Marketing,3,"IP, IP",MGT-107,SU,2:00:00 PM,5:14:00 PM,30,0
266,MBA697LecWE-01,Global Digital Marketing,3,"IP, IP",MGT-107,SU,10:00:00 AM,1:14:00 PM,30,0
267,MCM101Lec1,Introduction To Mass Communication & Media Studies,3,"IP, IP",HUB-112,M,12:00:00 PM,2:59:00 PM,50,18
268,MCM101Lec2,Introduction To Mass Communication & Media Studies,3,"IP, IP",HUB-111,R,6:00:00 PM,8:59:00 PM,50,6
269,MCM130Lec1,Media Ethics And Laws,3,"IP, IP",MGT-209,T,6:00:00 PM,8:59:00 PM,32,2
270,MCM130Lec2,Media Ethics And Laws,3,"IP, IP",HUB-111,W,9:00:00 AM,11:59:00 AM,40,24
271,MCM130Lec3,Media Ethics And Laws,3,"IP, IP",HUB-111,M,3:00:00 PM,5:59:00 PM,40,18
272,MCM140Lec1,Communication Research Methods,3,"IP, IP",HUB-112,R,6:00:00 PM,8:59:00 PM,45,14
273,MCM140Lec2,Communication Research Methods,3,"IP, IP",HUB-111,W,3:00:00 PM,5:59:00 PM,45,15
274,MCM201Lec1,Writing For Mass Media,3,"IP, IP",HUB-112,T,12:00:00 PM,2:59:00 PM,40,34
275,MCM201Lec2,Writing For Mass Media,3,"IP, IP",HUB-111,R,3:00:00 PM,5:59:00 PM,40,6
276,MCM210Lec1,Media Sociology,3,"IP, IP",HUB-107,M,9:00:00 AM,11:59:00 AM,45,18
277,MCM210Lec2,Media Sociology,3,"IP, IP",HUB-111,T,3:00:00 PM,5:59:00 PM,45,15
278,MCM300Lec1,Sustainability Branding,3,"IP, IP",MGT-203,W,9:00:00 AM,11:59:00 AM,30,27
279,MCM335Lec1,Digital & Online Marketing,3,"IP, IP",HUB-112,R,3:00:00 PM,5:59:00 PM,46,30
280,MCM411Lec1,Multi-Platform Storytelling,3,"IP, IP",MGT-201,R,6:00:00 PM,8:59:00 PM,40,23
281,MCM420Lec1,Modern World History,3,"IP, IP",HUB-111,T,9:00:00 AM,11:59:00 AM,50,11
282,MCM420Lec2,Modern World History,3,"IP, IP",MGT-101,M,12:00:00 PM,2:59:00 PM,50,30
283,MEC305Lec1,Mechanical Vibrations,3,"IP, IP",MGT-206,M,5:00:00 PM,6:59:00 PM,16,4
,,,,"IP, IP",HUB-104 Mechatronics Lab,W,11:00:00 AM,12:59:00 PM,16,4
284,MEC309Lec2,Electro-Pneumatic & Hydraulic Control Circuits,3,"IP, IP",MGT-103,M,11:00:00 AM,12:59:00 PM,24,0
,,,,"IP, IP",HUB-104 Mechatronics Lab,R,10:00:00 AM,11:59:00 AM,24,0
285,MEC411Lec1,Intelligent Systems,3,"IP, IP",HUB-113,W,3:00:00 PM,5:59:00 PM,32,8
286,MEC412Lec1,Sensors And Actuators,3,"IP, IP",HUB-104 Mechatronics Lab,M,1:00:00 PM,2:59:00 PM,18,4
,,,,"IP, IP",MGT-106,T,7:00:00 PM,8:59:00 PM,18,4
287,MEC412Lec2,Sensors And Actuators,3,"IP, IP",MGT-106,T,7:00:00 PM,8:59:00 PM,18,6
,,,,"IP, IP",HUB-104 Mechatronics Lab,W,1:00:00 PM,2:59:00 PM,18,6
288,MEC413Lec1,Industrial Automation,3,"IP, IP",MGT-107,W,6:00:00 PM,8:59:00 PM,32,10
289,MGT202LecBUS-1,Principles Of Management,3,"IP, IP",MGT-201,M,3:00:00 PM,5:59:00 PM,45,38
290,MGT202LecBUS-2,Principles Of Management,3,"IP, IP",MGT-202,R,9:00:00 AM,11:59:00 AM,45,34
291,MGT202LecBUS-3,Principles Of Management,3,"IP, IP",MGT-209,R,3:00:00 PM,5:59:00 PM,45,30
292,MGT202LecBUS-4,Principles Of Management,3,"IP, IP",MGT-209,R,6:00:00 PM,8:59:00 PM,45,3
293,MGT202LecBUS-5,Principles Of Management,3,"IP, IP",MGT-202,W,3:00:00 PM,5:59:00 PM,50,3
294,MGT202LecBUS-6,Principles Of Management,3,"IP, IP",MGT-202,T,6:00:00 PM,8:59:00 PM,50,2
295,MGT210Lec1,Business Report Writing,3,"IP, IP",HUB-112,W,9:00:00 AM,11:59:00 AM,45,12
296,MGT210Lec2,Business Report Writing,3,"IP, IP",HUB-111,T,12:00:00 PM,2:59:00 PM,45,20
297,MGT220Lec1,Organizational Behavior,3,"IP, IP",MGT-202,W,6:00:00 PM,8:59:00 PM,45,11
298,MGT220Lec2,Organizational Behavior,3,"IP, IP",MGT-210,T,3:00:00 PM,5:59:00 PM,40,27
299,MGT231Lec1,Legal Environment Of Business,3,"IP, IP",MGT-202,M,9:00:00 AM,11:59:00 AM,45,14
300,MGT231Lec2,Legal Environment Of Business,3,"IP, IP",MGT-201,R,3:00:00 PM,5:59:00 PM,45,18
301,MGT301Lec101,Introduction To Business Analytics,3,"IP, IP",General Computer Lab,T,5:00:00 PM,6:59:00 PM,24,2
,,,,"IP, IP",MGT-209,W,5:00:00 PM,6:59:00 PM,24,2
302,MGT301Lec102,Introduction To Business Analytics,3,"IP, IP",e-Business Computer Lab,T,3:00:00 PM,4:59:00 PM,24,3
,,,,"IP, IP",MGT-209,W,5:00:00 PM,6:59:00 PM,24,3
303,MGT301Lec201,Introduction To Business Analytics,3,"IP, IP",General Computer Lab,W,3:00:00 PM,4:59:00 PM,24,3
,,,,"IP, IP",HUB-111,R,10:00:00 AM,11:59:00 AM,24,3
304,MGT301Lec202,Introduction To Business Analytics,3,"IP, IP",General Computer Lab,T,1:00:00 PM,2:59:00 PM,24,12
,,,,"IP, IP",HUB-111,R,10:00:00 AM,11:59:00 AM,24,12
305,MGT302Lec1,Business Research Methodologies,3,"IP, IP",MGT-210,M,3:00:00 PM,5:59:00 PM,30,18
306,MGT302Lec2,Business Research Methodologies,3,"IP, IP",MGT-206,W,9:00:00 AM,11:59:00 AM,40,28
307,MGT361Lec1,Operations Management,3,"IP, IP",MGT-207,W,12:00:00 PM,2:59:00 PM,35,27
308,MGT361Lec2,Operations Management,3,"IP, IP",MGT-207,M,3:00:00 PM,5:59:00 PM,35,10
309,MGT404Lec1,Business Ethics & Social Responsibility,3,"IP, IP",MGT-202,M,6:00:00 PM,8:59:00 PM,40,40
310,MGT404Lec2,Business Ethics & Social Responsibility,3,"IP, IP",MGT-209,T,9:00:00 AM,11:59:00 AM,40,4
311,MGT430Lec1,Change Management,3,"IP, IP",MGT-201,W,6:00:00 PM,8:59:00 PM,40,3
312,MGT470Lec1,Strategic Management,3,"IP, IP",MGT-203,W,6:00:00 PM,8:59:00 PM,35,21
313,MIT602LecWD-01,Information Technology Services And Operations,3,"IP, IP",MGT-102,WR,6:00:00 PM,9:14:00 PM,24,0
314,MIT623LecWE-02,Business Intelligence,3,"IP, IP",MGT-210,MT,6:00:00 PM,8:14:00 PM,30,0
315,MKT201Lec1,Principles Of Marketing,3,"IP, IP",HUB-101,T,3:00:00 PM,5:59:00 PM,40,25
316,MKT201Lec2,Principles Of Marketing,3,"IP, IP",MGT-201,M,9:00:00 AM,11:59:00 AM,40,19
317,MKT201Lec3,Principles Of Marketing,3,"IP, IP",MGT-101,W,12:00:00 PM,2:59:00 PM,35,9
318,MKT208Lec1,Consumer Behaviour,3,"IP, IP",MGT-205,W,12:00:00 PM,2:59:00 PM,21,11
319,MKT301Lec1,Digital Marketing,3,"IP, IP",MGT-205,T,12:00:00 PM,2:59:00 PM,24,10
320,MKT364Lec1,Services Marketing,3,"IP, IP",MGT-103,M,6:00:00 PM,8:59:00 PM,24,6
321,MKT371Lec1,Brand Marketing,3,"IP, IP",MGT-105,W,9:00:00 AM,11:59:00 AM,30,7
322,MKT430Lec1,Marketing Research,3,"IP, IP",MGT-210,R,3:00:00 PM,5:59:00 PM,35,11
323,MKT465Lec1,International Marketing,3,"IP, IP",MGT-203,M,3:00:00 PM,5:59:00 PM,40,12
324,MKT465Lec2,International Marketing,3,"IP, IP",MGT-105,M,12:00:00 PM,2:59:00 PM,45,43
325,MTH012Lec1,Pre-Calculus,0,"IP, IP",MGT-101,R,3:00:00 PM,5:59:00 PM,40,10
326,MTH112Lec1,Calculus 1,3,"IP, IP",HUB-114,M,9:00:00 AM,9:59:00 AM,32,15
,,,,"IP, IP",HUB-114,MW,12:00:00 PM,1:29:00 PM,32,15
327,MTH112Lec2,Calculus 1,3,"IP, IP",HUB-114,MW,1:30:00 PM,2:59:00 PM,32,9
,,,,"IP, IP",MGT-204,M,5:00:00 PM,5:59:00 PM,32,9
328,MTH112Lec3,Calculus 1,3,"IP, IP",HUB-114,TR,4:30:00 PM,5:59:00 PM,32,4
,,,,"IP, IP",HUB-114,R,9:00:00 AM,9:59:00 AM,32,4
329,MTH112Lec4,Calculus 1,3,"IP, IP",HUB-114,TR,3:00:00 PM,4:29:00 PM,32,7
,,,,"IP, IP",MGT-208,R,5:00:00 PM,5:59:00 PM,32,7
330,MTH112LecAR/ID,Calculus 1,3,"IP, IP",MGT-107,W,3:00:00 PM,4:29:00 PM,32,18
,,,,"IP, IP",MGT-107,R,9:00:00 AM,10:29:00 AM,32,18
,,,,"IP, IP",MGT-107,R,11:00:00 AM,11:59:00 AM,32,18
331,MTH114Lec1,Linear Algebra,3,"IP, IP",MGT-208,TW,3:00:00 PM,4:29:00 PM,40,25
332,MTH114Lec2,Linear Algebra,3,"IP, IP",MGT-208,MR,9:00:00 AM,10:29:00 AM,40,7
333,MTH114Lec3,Linear Algebra,3,"IP, IP",MGT-208,TW,4:30:00 PM,5:59:00 PM,40,0
334,MTH130Lec1,Probability And Statistics,3,"IP, IP",MGT-210,MW,12:00:00 PM,1:29:00 PM,40,9
335,MTH130Lec2,Probability And Statistics,3,"IP, IP",MGT-203,MW,1:30:00 PM,2:59:00 PM,40,27
336,MTH130Lec3,Probability And Statistics,3,"IP, IP",MGT-208,MR,10:30:00 AM,11:59:00 AM,40,0
337,MTH130Lec4,Probability And Statistics,3,"IP, IP",MGT-103,W,4:30:00 PM,5:59:00 PM,40,2
,,,,"IP, IP",MGT-103,R,3:00:00 PM,4:29:00 PM,40,2
338,MTH195Lec101,Applied Statistics,3,"IP, IP",HUB-112,M,9:00:00 AM,10:59:00 AM,24,9
,,,,"IP, IP",e-Business Computer Lab,R,9:00:00 AM,10:59:00 AM,24,9
339,MTH195Lec102,Applied Statistics,3,"IP, IP",HUB-112,M,9:00:00 AM,10:59:00 AM,24,2
,,,,"IP, IP",e-Business Computer Lab,W,11:00:00 AM,12:59:00 PM,24,2
340,MTH195Lec201,Applied Statistics,3,"IP, IP",MGT-202,T,3:00:00 PM,4:59:00 PM,24,7
,,,,"IP, IP",e-Business Computer Lab,W,5:00:00 PM,6:59:00 PM,24,7
341,MTH195Lec202,Applied Statistics,3,"IP, IP",MGT-202,T,3:00:00 PM,4:59:00 PM,24,1
,,,,"IP, IP",e-Business Computer Lab,R,7:00:00 PM,8:59:00 PM,24,1
342,MTH196Lec1,Mathematics For Business,3,"IP, IP",MGT-202,T,12:00:00 PM,2:59:00 PM,45,33
343,MTH196Lec2,Mathematics For Business,3,"IP, IP",MGT-202,W,9:00:00 AM,11:59:00 AM,45,36
344,MTH196Lec3,Mathematics For Business,3,"IP, IP",HUB-101,M,12:00:00 PM,2:59:00 PM,46,46
345,MTH196Lec4,Mathematics For Business,3,"IP, IP",MGT-202,R,6:00:00 PM,8:59:00 PM,45,5
346,MTH203Lec1,Discrete Mathematics For Computing Science,3,"IP, IP",MGT-208,M,12:00:00 PM,1:29:00 PM,40,20
,,,,"IP, IP",MGT-204,W,12:00:00 PM,1:29:00 PM,40,20
347,MTH203Lec2,Discrete Mathematics For Computing Science,3,"IP, IP",MGT-204,MW,1:30:00 PM,2:59:00 PM,40,9
348,MTH203Lec3,Discrete Mathematics For Computing Science,3,"IP, IP",MGT-204,T,3:00:00 PM,4:29:00 PM,40,0
,,,,"IP, IP",MGT-101,W,10:30:00 AM,11:59:00 AM,40,0
349,MTH212Lec1,Calculus 3,3,"Kamalov, Firuz",MGT-106,M,12:00:00 PM,1:29:00 PM,40,6
,,,,"Kamalov, Firuz",MGT-206,T,12:00:00 PM,1:29:00 PM,40,6
350,NET100Lec1,Fundamental Of Digital Systems,3,"IP, IP",HUB-115 Networking Lab,M,5:00:00 PM,6:59:00 PM,20,2
,,,,"IP, IP",MGT-106,W,9:00:00 AM,10:59:00 AM,20,2
351,NET120Lec1,LAN Switching And Routing,3,"IP, IP",HUB-115 Networking Lab,T,5:00:00 PM,6:59:00 PM,24,6
,,,,"IP, IP",MGT-106,W,4:00:00 PM,5:59:00 PM,24,6
352,NET121LecCN1,Network Operating Systems,3,"IP, IP",MGT-102,T,11:00:00 AM,12:59:00 PM,24,6
,,,,"IP, IP",HUB-115 Networking Lab,W,11:00:00 AM,12:59:00 PM,24,6
353,NET213Lec1,Microprocessors And Microcontrollers,3,"IP, IP",MGT-106,T,3:00:00 PM,4:59:00 PM,18,1
,,,,"IP, IP",HUB-118 Robotic Lab,W,11:00:00 AM,12:59:00 PM,18,1
354,NET213Lec2,Microprocessors And Microcontrollers,3,"Sadek, Zeyad Remah",HUB-118 Robotic Lab,M,7:00:00 PM,8:59:00 PM,18,0
,,,,"IP, IP",MGT-106,T,3:00:00 PM,4:59:00 PM,18,0
355,NET220LecC1,Network Security And Administration,3,"Seyam, Ahmed",HUB-118 Robotic Lab,T,7:00:00 PM,8:59:00 PM,20,14
,,,,"IP, IP",MGT-204,W,3:00:00 PM,4:59:00 PM,20,14
356,NET220LecC2,Network Security And Administration,3,"IP, IP",HUB-114,T,9:00:00 AM,10:59:00 AM,20,6
,,,,"Seyam, Ahmed",HUB-117 Software Lab,W,1:00:00 PM,2:59:00 PM,20,6
357,NET221Lec1,Communication Technology,3,"IP, IP",MGT-106,M,6:00:00 PM,8:59:00 PM,24,6
358,NET410Lec1,Enterprise Network Design,3,"IP, IP",MGT-206,M,7:00:00 PM,8:59:00 PM,24,5
,,,,"IP, IP",HUB-115 Networking Lab,T,1:00:00 PM,2:59:00 PM,24,5
359,NET440Prj1,CNET Project 1,2,Staff,,N\A,12:00:00 AM,12:00:00 AM,10,0
360,PRA200Lec1,Writing For Public Relations,3,"IP, IP",MGT-105,R,9:00:00 AM,11:59:00 AM,32,4
361,PRA220Lec1,Research Methods For PR,3,"IP, IP",MGT-105,M,6:00:00 PM,8:59:00 PM,32,5
362,PRA411Lec1,Brand Value And Reputation Management,3,"IP, IP",MGT-205,T,3:00:00 PM,5:59:00 PM,35,34
363,PRA412Lec1,Management In PR Agencies,3,"IP, IP",HUB-113,R,3:00:00 PM,5:59:00 PM,21,8
364,PSY101LecE1,Psychology I,3,"IP, IP",HUB-101,W,9:00:00 AM,11:59:00 AM,50,21
365,PSY200LecE1,Research Methods,3,"IP, IP",HUB-112,M,6:00:00 PM,8:59:00 PM,32,14
366,PSY210Lec1,Introduction To Cognitive Psychology,3,"IP, IP",HUB-114,T,12:00:00 PM,2:59:00 PM,32,11
367,PSY230Lec1,Personality,3,"IP, IP",HUB-101,R,9:00:00 AM,11:59:00 AM,32,11
368,PSY240Lec1,Introduction To Learning,3,"IP, IP",HUB-112,W,3:00:00 PM,5:59:00 PM,32,13
369,PSY290LecE1,Neuropsychology,3,"IP, IP",MGT-203,T,3:00:00 PM,5:59:00 PM,32,23
370,PSY290LecE2,Neuropsychology,3,"IP, IP",MGT-107,M,9:00:00 AM,11:59:00 AM,32,3
371,PSY300LecE1,Social Psychology,3,"IP, IP",MGT-207,M,12:00:00 PM,2:59:00 PM,32,24
372,PSY300LecE2,Social Psychology,3,"IP, IP",MGT-101,W,6:00:00 PM,8:59:00 PM,32,2
373,PSY315LecE1,Clinical Psychology,3,"IP, IP",MGT-101,T,6:00:00 PM,8:59:00 PM,32,24
374,PSY315LecE2,Clinical Psychology,3,"IP, IP",MGT-107,R,3:00:00 PM,5:59:00 PM,32,1
375,PSY380LecE1,Developmental Psychology II:Adolescence And Young Adulthood,3,"IP, IP",MGT-102,R,9:00:00 AM,11:59:00 AM,32,23
376,PSY380LecE2,Developmental Psychology II:Adolescence And Young Adulthood,3,"IP, IP",MGT-107,W,12:00:00 PM,2:59:00 PM,32,4
377,PSY405LecE1,Drugs And Behavior,3,"IP, IP",MGT-107,W,9:00:00 AM,11:59:00 AM,32,20
378,PSY405LecE2,Drugs And Behavior,3,"IP, IP",MGT-101,M,6:00:00 PM,8:59:00 PM,32,7
379,PSY415LecE1,Applied Social Psychology,3,"IP, IP",HUB-114,R,6:00:00 PM,8:59:00 PM,32,21
380,PSY415LecE2,Applied Social Psychology,3,"IP, IP",MGT-210,W,3:00:00 PM,5:59:00 PM,32,5
381,PSY425:LecE1,Health Psychology,3,"IP, IP",MGT-208,W,6:00:00 PM,8:59:00 PM,32,29
382,PSY425:LecE2,Health Psychology,3,"IP, IP",MGT-106,M,9:00:00 AM,11:59:00 AM,32,0
383,PSY430LecE1,Research Paper In Education And Learning,3,"IP, IP",MGT-103,T,6:00:00 PM,8:59:00 PM,32,27
384,PSY430LecE2,Research Paper In Education And Learning,3,"IP, IP",MGT-106,R,3:00:00 PM,5:59:00 PM,32,2
385,QBA201Lec101,Business Statistics,3,"IP, IP",MGT-209,W,3:00:00 PM,4:59:00 PM,24,1
,,,,"IP, IP",e-Business Computer Lab,R,3:00:00 PM,4:59:00 PM,24,1
386,QBA201Lec102,Business Statistics,3,"IP, IP",e-Business Computer Lab,M,1:00:00 PM,2:59:00 PM,24,3
,,,,"IP, IP",MGT-209,W,3:00:00 PM,4:59:00 PM,24,3
387,QBA201Lec201,Business Statistics,3,"IP, IP",General Computer Lab,M,7:00:00 PM,8:59:00 PM,24,1
,,,,"IP, IP",MGT-209,R,10:00:00 AM,11:59:00 AM,24,1
388,QBA201Lec202,Business Statistics,3,"IP, IP",e-Business Computer Lab,T,9:00:00 AM,10:59:00 AM,24,6
,,,,"IP, IP",MGT-209,R,10:00:00 AM,11:59:00 AM,24,6
389,QBA201Lec301,Business Statistics,3,"IP, IP",e-Business Computer Lab,M,5:00:00 PM,6:59:00 PM,24,1
,,,,"IP, IP",MGT-209,W,7:00:00 PM,8:59:00 PM,24,1
390,QBA201Lec302,Business Statistics,3,"IP, IP",General Computer Lab,T,7:00:00 PM,8:59:00 PM,24,3
,,,,"IP, IP",MGT-209,W,7:00:00 PM,8:59:00 PM,24,3
391,RTA101Lec1,Introduction To Media Theory And Practices,3,"IP, IP",MGT-206,W,6:00:00 PM,8:59:00 PM,30,12
392,RTA315LecE1,Business Of Creative Media,3,"IP, IP",MGT-203,R,6:00:00 PM,8:59:00 PM,35,13
393,RTA408Lec1,Business Of Producing 1,3,"IP, IP",HUB-113,R,9:00:00 AM,11:59:00 AM,30,4
394,SCI210Lec1,Modern Physics,3,"IP, IP",MGT-203,T,9:00:00 AM,10:59:00 AM,16,20
,,,,"IP, IP",HUB-116 Electronic Lab,R,5:00:00 PM,6:59:00 PM,16,20
395,SCM314Lec1,Global Supply Chain Management,3,"IP, IP",MGT-106,T,9:00:00 AM,11:59:00 AM,32,16
396,SHS103LecENG 1,Chemistry,3,"Salhab, Rina",HUB-202,M,11:00:00 AM,12:59:00 PM,12,8
,,,,"Nazih, Wissam Ghach",MGT-209,W,11:00:00 AM,12:59:00 PM,12,8
397,SHS103LecENG 2,Chemistry,3,"Salhab, Rina",HUB-202,M,5:00:00 PM,6:59:00 PM,12,3
,,,,"Nazih, Wissam Ghach",MGT-209,W,11:00:00 AM,12:59:00 PM,12,3
398,SHS103LecPH 1,Chemistry,3,"Salhab, Rina",HUB-201,T,3:00:00 PM,4:59:00 PM,10,9
,,,,"Nazih, Wissam Ghach",MGT-206,R,3:00:00 PM,4:59:00 PM,10,9
399,SHS103LecPH 2,Chemistry,3,"Salhab, Rina",HUB-201,M,1:00:00 PM,2:59:00 PM,13,1
,,,,"Nazih, Wissam Ghach",MGT-206,R,3:00:00 PM,4:59:00 PM,13,1
400,SHS104Lec1,Health Economics,3,"Al Chihabi, Mohammad Mazen",MGT-205,R,6:00:00 PM,8:59:00 PM,30,2
401,SHS200Lec1,Global Health,3,"IP, IP",MGT-103,M,3:00:00 PM,5:59:00 PM,30,3
402,SHS205Lec1,Biochemistry,3,"Nazih, Wissam Ghach",MGT-106,M,3:00:00 PM,5:59:00 PM,35,13
403,SHS208Lec1,Infectious Diseases,3,"Al Madhi, Sawsan",MGT-105,T,12:00:00 PM,2:59:00 PM,30,1
404,SHS220Lec1,Applied Medical Terminology,3,Staff,HUB-111,M,6:00:00 PM,8:59:00 PM,45,3
405,SHS410Lec1,Public Health Ethics,3,"Khaldi, Mohammed",MGT-206,W,12:00:00 PM,2:59:00 PM,30,8
406,SWS110Lec1,Programming 1,3,"IP, IP",HUB-117 Software Lab,T,9:00:00 AM,10:59:00 AM,20,1
,,,,"IP, IP",MGT-208,W,11:00:00 AM,12:59:00 PM,20,1
407,SWS110Lec2,Programming 1,3,"IP, IP",HUB-118 Robotic Lab,M,11:00:00 AM,12:59:00 PM,20,5
,,,,"IP, IP",MGT-208,W,11:00:00 AM,12:59:00 PM,20,5
408,SWS315Lec1,Mobile Application Development,3,"IP, IP",MGT-103,M,1:00:00 PM,2:59:00 PM,24,7
,,,,"IP, IP",HUB-115 Networking Lab,R,3:00:00 PM,4:59:00 PM,24,7
409,SWS351Lec101,Management Information Systems,3,"IP, IP",e-Business Computer Lab,M,3:00:00 PM,4:59:00 PM,24,24
,,,,"IP, IP",MGT-209,T,1:00:00 PM,2:59:00 PM,24,24
410,SWS351Lec102,Management Information Systems,3,"IP, IP",General Computer Lab,M,11:00:00 AM,12:59:00 PM,24,19
,,,,"IP, IP",MGT-209,T,1:00:00 PM,2:59:00 PM,24,19
